edge_id,source_id,target_id,citing_paper_title,cited_paper_title,old_alignment_status,candidate_alignment_status,target_reference_marker,target_reference_entry,reference_match_method,reference_match_score,all_target_aligned_contexts,candidate_alignment_note,human_alignment_status,human_reference_marker_confirmed,human_note,source_pdf_status,copied_pdf_name,copied_pdf_path
W4226305897->W2919782326,W4226305897,W2919782326,Business Data Sharing through Data Marketplaces: A Systematic Literature Review,Making Big Money from Small Sensors: Trading Time-Series Data under Pufferfish Privacy,failed,high_confidence,54,"Niu, C.; Zheng, Z.; Tang, S.; Gao, X.; Wu, F. Making Big Money from Small Sensors: Trading Time-Series Data under Puffer- ﬁsh Privacy. In Proceedings of the IEEE INFOCOM 2019—IEEE Conference on Computer Communications, Paris, France, 29 April–2 May 2019.",title_compact_exact,0.99,"The studies discuss many aspects, for instance, the implementation of query pricing [ 52] and dynamic pricing considering “reserve price constraint” that helps data brokers maximize their revenue [ 53]. Another algorithm allows data price to be derived from the privacy losses [ 54]. Studies in query-based pricing mechanisms consider many cases such as query interfaces for mobile crowd-sensed data [ 55,56], cloud-based data mar- ketplaces with possibilities to share cloud resources [ 57], spatial data [ 58], aggregated data from multiple distributed system [ 59], and data acquired from Application Programming Interfaces (APIs) [ 60].",Candidate v2.2 rescue via title_compact_exact (score=0.990),,,,copied,W4226305897__Business_Data_Sharing_through_Data_Marketplaces_A_Systematic_Literature_Review.pdf,D:\数据集\new\shujudingjia\rescued_edges_manual_review_v22_package\source_pdfs_by_source_id\W4226305897__Business_Data_Sharing_through_Data_Marketplaces_A_Systematic_Literature_Review.pdf
W3195579788->W2473283431,W3195579788,W2473283431,Data pricing in machine learning pipelines,Data Collection and Wireless Communication in Internet of Things (IoT) Using Economic Analysis and Pricing Models: A Survey,failed,high_confidence,71,"Luong NC, Hoang DT, Wang P, Niyato D, Kim DI, Han Z (2016) Data collection and wireless communi- cation in internet of things (IoT) using economic analysis and pricing models: a survey. IEEE CommunSurv Tutor 18(4):2546–2590",title_compact_exact,0.99,"This strategy is adopted in personal data pricing, where thecost is the total privacy compensation to data owners [ 84]. A disadvantage of the cost-based pricing strategy is that it only considers internal factors in determining the selling price.External factors, such as competition and demands, are not included [ 71]. Customer value-based pricing determines the price of a product primarily based on how much the target customers believe a product is worth [ 27].

... [another target-aligned mention] ...

Customer value-based pricing determines the price of a product primarily based on how much the target customers believe a product is worth [ 27]. To apply customer value-based pricing, a seller needs to estimate customers’ demands for a product through their willingnessand affordability [ 71]. Customer value-based pricing is the most popularly used strategy for data pricing.

... [another target-aligned mention] ...

Game theory provides a powerful tool to implement the strategy. In a non-cooperative game, every seller is selﬁsh and sets theprice that maximizes the seller’s proﬁt independently [ 71]. The competition result, that is the asking price of each seller, is the Nash equilibrium [ 80].",Candidate v2.2 rescue via title_compact_exact (score=0.990),,,,copied,W3195579788__Data_pricing_in_machine_learning_pipelines.pdf,D:\数据集\new\shujudingjia\rescued_edges_manual_review_v22_package\source_pdfs_by_source_id\W3195579788__Data_pricing_in_machine_learning_pipelines.pdf
W3084177365->W2974598553,W3084177365,W2974598553,A Survey on Data Pricing: From Economics to Data Science,Too Much Data: Prices and Inefficiencies in Data Markets,failed,high_confidence,[3],"D. Acemoglu, A. Makhdoumi, A. Malekian, and A. Ozdaglar, “Too Much Data: Prices and Inefﬁciencies in Data Markets,” Na- tional Bureau of Economic Research, Inc, NBER Working Papers 26296, Sep. 2019.",title_compact_exact,0.99,"Recently, Acemoglu et al. [3] present an insightful study on the ecological effect of data markets. They demonstrate that a user’s sharing of data may likely reveal some other users’ privacy and depress the price of other users’ data.",Candidate v2.2 rescue via title_compact_exact (score=0.990),,,,copied,W3084177365__A_Survey_on_Data_Pricing_From_Economics_to_Data_Science.pdf,D:\数据集\new\shujudingjia\rescued_edges_manual_review_v22_package\source_pdfs_by_source_id\W3084177365__A_Survey_on_Data_Pricing_From_Economics_to_Data_Science.pdf
W3084177365->W2919782326,W3084177365,W2919782326,A Survey on Data Pricing: From Economics to Data Science,Making Big Money from Small Sensors: Trading Time-Series Data under Pufferfish Privacy,failed,high_confidence,[161],"C. Niu, Z. Zheng, S. Tang, X. Gao, and F. Wu, “Making big money from small sensors: Trading time-series data under pufferﬁsh privacy,” in IEEE INFOCOM 2019 - IEEE Conference on Computer Communications, April 2019, pp. 568–576.",title_compact_exact,0.99,Niu et al. [161] further extend to time series data that may have temporal correlations. They adopt Pufferﬁsh privacy [117] to measure privacy losses under temporal correlations.,Candidate v2.2 rescue via title_compact_exact (score=0.990),,,,copied,W3084177365__A_Survey_on_Data_Pricing_From_Economics_to_Data_Science.pdf,D:\数据集\new\shujudingjia\rescued_edges_manual_review_v22_package\source_pdfs_by_source_id\W3084177365__A_Survey_on_Data_Pricing_From_Economics_to_Data_Science.pdf
W3089176333->W2743929098,W3089176333,W2743929098,Towards Query Pricing on Incomplete Data,Data pricing strategy based on data quality,failed,high_confidence,[25],"H. Yu and M. Zhang, “Data pricing strategy based on data qual- ity,” Computers & Industrial Engineering, vol. 112, pp. 1–10, 2017.",title_compact_exact,0.99,"6. κ(Q,D) =∑m i=1(∑ t∈T∗ iϵ(t) +∑ t∈Ta iϵ(t)) ∑m i=1(|T∗ i|+|Ta i|)(6) The newly presented quality function κtakes into ac- count the speciﬁc operator, which is different from the simple quality of counting the missing rate on the entire dataset [24], [25]. It provides a new way to measure the query quality over incomplete data.",Candidate v2.2 rescue via title_compact_exact (score=0.990),,,,copied,W3089176333__Towards_Query_Pricing_on_Incomplete_Data.pdf,D:\数据集\new\shujudingjia\rescued_edges_manual_review_v22_package\source_pdfs_by_source_id\W3089176333__Towards_Query_Pricing_on_Incomplete_Data.pdf
W3089176333->W2919782326,W3089176333,W2919782326,Towards Query Pricing on Incomplete Data,Making Big Money from Small Sensors: Trading Time-Series Data under Pufferfish Privacy,failed,high_confidence,[47],"C. Niu, Z. Zheng, S. Tang, X. Gao, and F. Wu, “Making big money from small sensors: Trading time-series data under pufferﬁsh privacy,” in INFOCOM, pp. 568–576, 2019.",title_compact_exact,0.99,"This group consists of pricing generalized chain queries (i.e., a special type of join conjunctive query when the base queries are only selection queries) [14], [42] and pricing SQL queries [13], [16]. There are some efforts on revenue maximizing arbitrage-free pricing [19], [43], [44], the pricing problem for trading time series data and personal data [45], [46], [47], [48], pricing queries while protecting the seller’s privacy [49], [50] or in cloud environments [51]. In contrast, another kind of pricing scheme considers the tuples of relations as the structural granularity of the pricing function [15], [26], [52], [53].",Candidate v2.2 rescue via title_compact_exact (score=0.990),,,,copied,W3089176333__Towards_Query_Pricing_on_Incomplete_Data.pdf,D:\数据集\new\shujudingjia\rescued_edges_manual_review_v22_package\source_pdfs_by_source_id\W3089176333__Towards_Query_Pricing_on_Incomplete_Data.pdf
W4220901737->W2765365501,W4220901737,W2765365501,Data Market Design: A Systematic Literature Review,Pricing of Data Products in Data Marketplaces,failed,high_confidence,[23],"S. A. Fricker and Y. V. Maksimov, ``Pricing of data products in data mar- ketplaces,'' in Proc. Int. Conf. Softw. Bus., in Lecture Notes in Business Information Processing, vol. 304, 2017, pp. 4966.",title_compact_exact,0.99,"Finally, Fricker et al. performed a struc- tured literature review with snowballing and provide the most extensive overview of pricing data products in the academic literature on data markets [23]. They identify fourteen differ- ent approaches and evaluate each of these on functionality, context and maturity.

... [another target-aligned mention] ...

[1] and describes the relation of the actor who provides the data market to that of the data provider and data consumer. As will be discussed in section IV the question of who operates the data market has far-reaching consequences for the way a data market operates; for example: if the data provider is also the platform owner, it is easier for them to make sure all data is provided in a standard format and to set a price for the data product(s) provided [21], [23]. First, the quality of a data product has a service-level facet, which consists of extra-functional properties usually described in a service-level agreement (SLA), such as the availability of the data product and the responsibilities of the data provider and the data consumer [49].

... [another target-aligned mention] ...

If a work appears to t any of these criteria based on its title, abstract and keywords, it is included in our nal selection. Finally, since existing meta-research on data markets has already covered different types of pricing mechanisms [21][23], we excluded those works whose main contribu- tion, based on their abstract, concerns pricing mechanisms. B.

... [another target-aligned mention] ...

Finally, we note that the data consumer is not the only role with requirements as the data provider can also expect to be somehow rewarded for the exchange. As was previously noted in the introduction, the price determination problem has already been extensively covered in other works [22], [23]. However, other mechanisms for rewarding data providers can VOLUME 10, 2022 33139 S.",Candidate v2.2 rescue via title_compact_exact (score=0.990),,,,copied,W4220901737__Data_Market_Design_A_Systematic_Literature_Review.pdf,D:\数据集\new\shujudingjia\rescued_edges_manual_review_v22_package\source_pdfs_by_source_id\W4220901737__Data_Market_Design_A_Systematic_Literature_Review.pdf
W2473283431->W1841962286,W2473283431,W1841962286,Data Collection and Wireless Communication in Internet of Things (IoT) Using Economic Analysis and Pricing Models: A Survey,A Priced Public Sensing Framework for Heterogeneous IoT Architectures,failed,high_confidence,[106],"A. E. Al-Fagih, F. M. Al-Turjman, W. M. Alsalih, and H. S. Hassanein, “A priced public sensing framework for heterogeneous iot architec- tures,” IEEE Transactions on Emerging Topics in Computing, vol. 1, no. 1, pp. 133–147, 2013.",title_compact_exact,0.99,"Thus, the authors in [105] adopted the sealed- bid reverse auction to address the routing problem in WSNs with the aim of minimizing the latency and maximizing the network throughput for all applications. In fact, the latency is also closely related to the energy efﬁciency since a data packet with a large delay due to traveling more hops in the network consumes more energy [106]. The model consists of a router, i.e., a buyer, who selects one of its neighbors, i.e., sellers, as the next hop for the packet delivery.

... [another target-aligned mention] ...

Different from the reverse auction which deﬁnes the lowest price among sellers, the value-based pricing sets price primarily based on the perceived value to the buyer rather than the cost of the product, the market price, or even the historical prices. The authors in [106] employed the value-based pricing to set the data selling price for the sensors, i.e., sellers, according to the requirements of the requester, i.e., the buyer. The general model includes entities as shown in Fig.

... [another target-aligned mention] ...

Citation information: DOI 10.1109/COMST.2016.2582841, IEEE Communications Surveys & Tutorials 17 TABLE II APPLICATIONS OF ECONOMIC AND PRICING MODELS FOR DATA AGGREGATION AND ROUTING Ref. Pricing modelMarket structureMechanism Objective SolutionSeller Buyer ItemData aggregation and routing[103]Sealed-bid reverse auctionSelﬁsh sensorsFusion centerTarget localization dataSellers submit to the auctioneer their ask values inversely proportional to the remaining energy, the auctioneer selects an optimal subset of sellers with the lowest ask valuesEnergy consumption balance, and buyer’s utility maximizationNash equilibrium [105]Sealed-bid reverse auctionNeighboring sensorsRouterPacket forwarding serviceSellers submit to the buyer their asks including the path price, the buyer selects a seller with the lowest path priceOverall minimal delay, and network throughput maximizationNash equilibrium [106]Value-based pricingThe sink nodeRequesterPacket forwarding serviceSeller sets prices according to the requester’s requirements to maximize the utility of the requesterBuyer’s utility maximizationValue optimization [113]Sealed-bid reverse auctionPhone usersServerSensing dataSellers submit their asking prices including the task execution costs to the buyer, the buyer selects a subset of sellers with the lowest asking prices and gives them rewards. The losers also get virtual credit for incentiveService quality guarantee, incentive cost minimization, improved fairness, and social welfare improvementNash equilibrium [115]Sealed-bid reverse auctionPhone usersServerSensing dataSame as [113] but the buyer adds a recruiting mechanism to stimulate the dropped users to join in the futureService quality guarantee, incentive cost minimization, improved fairness, and social welfare improvementNash equilibrium [117]Sealed-bid reverse auctionPhone usersServerSensing dataSame as [113] but the buyer pays the users by monetary instead of the virtual creditIncentive improvementNash equilibrium [118] [119]Sealed-bid reverse auctionPhone usersServerSensing dataSellers submit their asks including costs and their locations.",Candidate v2.2 rescue via title_compact_exact (score=0.990),,,,copied,W2473283431__Data_Collection_and_Wireless_Communication_in_Internet_of_Things_IoT_Using_Econo.pdf,D:\数据集\new\shujudingjia\rescued_edges_manual_review_v22_package\source_pdfs_by_source_id\W2473283431__Data_Collection_and_Wireless_Communication_in_Internet_of_Things_IoT_Using_Econo.pdf
W4323644227->W2612128091,W4323644227,W2612128091,A Survey of Data Pricing for Data Marketplaces,QIRANA,failed,high_confidence,[55],"——, “Qirana: A framework for scalable query pricing,” in Pro- ceedings of the 2017 ACM International Conference on Management of Data, ser. SIGMOD’17. New York, NY, USA: Association for Computing Machinery, 2017, pp. 699–713.",title_compact_exact,0.99,"Many theoretical methods are not scalable in practice. Qirana [55], [56] is a system for query-based pricing, which allows data sellers to choose from a set of pricing functions that are information arbitrage-free, which covers both post-processing arbitrage- freeness and serendipitous arbitrage-freeness in Lin and Kifer’s taxonomy [138]. Qirana also supports history-aware pricing.

... [another target-aligned mention] ...

If a buyer gets two coupons c1andc2in two different purchases such that c1[(tid;uid;v )] =c2[(tid;uid;v )], then the buyer can ask the seller for a refund by showing the two coupons. As pointed out by Deep and Koutris [55], the refund mechanism does not provide any arbitrage-free guarantee. Qirana [55], [56] can support history-aware pricing.

... [another target-aligned mention] ...

As pointed out by Deep and Koutris [55], the refund mechanism does not provide any arbitrage-free guarantee. Qirana [55], [56] can support history-aware pricing. To incorporate a query history, suppose a buyer already purchases queries Q=Q1;:::;Qkand pays for a to- tal ofp(Q;D )so far.",Candidate v2.2 rescue via title_compact_exact (score=0.990),,,,copied,W4323644227__A_Survey_of_Data_Pricing_for_Data_Marketplaces.pdf,D:\数据集\new\shujudingjia\rescued_edges_manual_review_v22_package\source_pdfs_by_source_id\W4323644227__A_Survey_of_Data_Pricing_for_Data_Marketplaces.pdf
W4323644227->W2743929098,W4323644227,W2743929098,A Survey of Data Pricing for Data Marketplaces,Data pricing strategy based on data quality,failed,high_confidence,[219],"H. Yu and M. Zhang, “Data pricing strategy based on data quality,” Computers & Industrial Engineering, vol. 112, pp. 1 – 10, 2017.",title_compact_exact,0.99,"Another difﬁculty is that many data sets do not have public prices associated. Yu and Zhang [219] consider pricing multiple versions formed by multiple factors of data quality and build a two-level model. The ﬁrst level is the data platform where a single owner is assumed, who designs the number of versions.",Candidate v2.2 rescue via title_compact_exact (score=0.990),,,,copied,W4323644227__A_Survey_of_Data_Pricing_for_Data_Marketplaces.pdf,D:\数据集\new\shujudingjia\rescued_edges_manual_review_v22_package\source_pdfs_by_source_id\W4323644227__A_Survey_of_Data_Pricing_for_Data_Marketplaces.pdf
W4323644227->W2790400697,W4323644227,W2790400697,A Survey of Data Pricing for Data Marketplaces,"A Survey on Big Data Market: Pricing, Trading and Protection",failed,high_confidence,[136],"F. Liang, W. Yu, D. An, Q. Yang, X. Fu, and W. Zhao, “A survey on big data market: Pricing, trading and protection,” IEEE Access, vol. PP , pp. 1–1, 02 2018.",title_compact_exact,0.99,"For example, Liang et al. [136] survey the life cycle of big data, and reviews 11 data pricing models. They also discuss data trading and protection.

... [another target-aligned mention] ...

Very recently, Zhang and Beltr ´an [220] review the state-of-the-art data pricing methods. They categorize data pricing methods according to two important data properties, granularity and privacy, This article covers a substantially broader scope than those [75], [136], [220]. We connect economics, digital product pricing and data product pricing.",Candidate v2.2 rescue via title_compact_exact (score=0.990),,,,copied,W4323644227__A_Survey_of_Data_Pricing_for_Data_Marketplaces.pdf,D:\数据集\new\shujudingjia\rescued_edges_manual_review_v22_package\source_pdfs_by_source_id\W4323644227__A_Survey_of_Data_Pricing_for_Data_Marketplaces.pdf
W4323644227->W2765365501,W4323644227,W2765365501,A Survey of Data Pricing for Data Marketplaces,Pricing of Data Products in Data Marketplaces,failed,high_confidence,[75],"S. A. Fricker and Y. V . Maksimov, “Pricing of data products in data marketplaces,” in Software Business, A. Ojala, H. Holm-str¨om Olsson, and K. Werder, Eds. Cham: Springer International Publishing, 2017, pp. 49–66.",title_compact_exact,0.99,"They also discuss data trading and protection. Fricker and Maksimov [75] report a literature survey over 18 research articles regarding several research questions, including maturity of the pric- ing models. Very recently, Zhang and Beltr ´an [220] review the state-of-the-art data pricing methods.

... [another target-aligned mention] ...

Very recently, Zhang and Beltr ´an [220] review the state-of-the-art data pricing methods. They categorize data pricing methods according to two important data properties, granularity and privacy, This article covers a substantially broader scope than those [75], [136], [220]. We connect economics, digital product pricing and data product pricing.",Candidate v2.2 rescue via title_compact_exact (score=0.990),,,,copied,W4323644227__A_Survey_of_Data_Pricing_for_Data_Marketplaces.pdf,D:\数据集\new\shujudingjia\rescued_edges_manual_review_v22_package\source_pdfs_by_source_id\W4323644227__A_Survey_of_Data_Pricing_for_Data_Marketplaces.pdf
W4323644227->W2734426755,W4323644227,W2734426755,A Survey of Data Pricing for Data Marketplaces,An Online Pricing Mechanism for Mobile Crowdsensing Data Markets,failed,high_confidence,[223],"Z. Zheng, Y. Peng, F. Wu, S. Tang, and G. Chen, “An online pricing mechanism for mobile crowdsensing data markets,” in Proceedings of the 18th ACM International Symposium on Mobile Ad Hoc Networking and Computing , ser. Mobihoc’17. New York, NY, USA: Association for Computing Machinery, 2017.",title_compact_exact,0.99,"Zheng et al. [223] consider online pricing for mobile crowd-sensing data markets. Different from most of the work on data markets, they assume that data providers are distributed in space and there are three types of spa- tial queries from buyers, namely single-data query (e.g., inquiring the value at a speciﬁc location), multi-data query (e.g., inquiring the mean in a region) and range query (e.g., inquiring the probability that the data at a region falls in a given range).",Candidate v2.2 rescue via title_compact_exact (score=0.990),,,,copied,W4323644227__A_Survey_of_Data_Pricing_for_Data_Marketplaces.pdf,D:\数据集\new\shujudingjia\rescued_edges_manual_review_v22_package\source_pdfs_by_source_id\W4323644227__A_Survey_of_Data_Pricing_for_Data_Marketplaces.pdf
W4323644227->W2919782326,W4323644227,W2919782326,A Survey of Data Pricing for Data Marketplaces,Making Big Money from Small Sensors: Trading Time-Series Data under Pufferfish Privacy,failed,high_confidence,[161],"C. Niu, Z. Zheng, S. Tang, X. Gao, and F. Wu, “Making big money from small sensors: Trading time-series data under pufferﬁsh privacy,” in IEEE INFOCOM 2019 - IEEE Conference on Computer Communications, April 2019, pp. 568–576.",title_compact_exact,0.99,Niu et al. [161] further extend to time series data that may have temporal correlations. They adopt Pufferﬁsh privacy [117] to measure privacy losses under temporal correlations.,Candidate v2.2 rescue via title_compact_exact (score=0.990),,,,copied,W4323644227__A_Survey_of_Data_Pricing_for_Data_Marketplaces.pdf,D:\数据集\new\shujudingjia\rescued_edges_manual_review_v22_package\source_pdfs_by_source_id\W4323644227__A_Survey_of_Data_Pricing_for_Data_Marketplaces.pdf
W2956647116->W2790400697,W2956647116,W2790400697,Smart Contract Based Data Trading Mode Using Blockchain and Machine Learning,"A Survey on Big Data Market: Pricing, Trading and Protection",failed,high_confidence,[1],"F. Liang, W. Yu, D. An, et al., “A survey on big data market: Pricing,trading andprotection,” IEEEAccess, 2018, vol.6,pp.15132-15154.",title_compact_exact,0.99,"INDEX TERMS Datatradingmode,Smartcontract,Blockchain,Machinelearning,Ethereum.I. INTRODUCTION As many new technologies are integrated into our daily life, such as the mobile and the social network applications, and the smart systems based on the Internet of Things (IoT) (smart home, smart city, smart transportation, smart grid, etc.), a large amount of data will be collected[1].Wehaveenteredtheeraofbigdata, the data sharing and trading is the trend of the times and the inevitable demand of the market. As people pay more and more attention to the economic value of big data in improving the utility efficiency and the decision-making, thecustomer experience and other aspects, some third-party big data trading centers have been established [2].",Candidate v2.2 rescue via title_compact_exact (score=0.990),,,,copied,W2956647116__Smart_Contract_Based_Data_Trading_Mode_Using_Blockchain_and_Machine_Learning.pdf,D:\数据集\new\shujudingjia\rescued_edges_manual_review_v22_package\source_pdfs_by_source_id\W2956647116__Smart_Contract_Based_Data_Trading_Mode_Using_Blockchain_and_Machine_Learning.pdf
W4288391541->W3215634159,W4288391541,W3215634159,"Blockchain and AI-Empowered Healthcare Insurance Fraud Detection: an Analysis, Architecture, and Future Prospects",Coalition Game and Blockchain-Based Optimal Data Pricing Scheme for Ride Sharing Beyond 5G,failed,high_confidence,[34],"R. Kakkar, R. Gupta, S. Tanwar, and J. J. Rodrigues, ``Coalition game and blockchain-based optimal data pricing scheme for ride shar- ing beyond 5G,'' IEEE Syst. J., early access, Dec. 1, 2021, doi: 10.1109/JSYST.2021.3126620.",title_compact_exact,0.99,"In the consensus protocol, all peers in the blockchain network agree on the distributed ledger's current state. There are four types of blockchain: public, private, consortium, and hybrid [34], [35]. In a public blockchain, everyone with internet connectivity can sign on the blockchain to become an authorized node making the public blockchain permissionless [36].",Candidate v2.2 rescue via title_compact_exact (score=0.990),,,,copied,W4288391541__Blockchain_and_AI-Empowered_Healthcare_Insurance_Fraud_Detection_an_Analysis_Arc.pdf,D:\数据集\new\shujudingjia\rescued_edges_manual_review_v22_package\source_pdfs_by_source_id\W4288391541__Blockchain_and_AI-Empowered_Healthcare_Insurance_Fraud_Detection_an_Analysis_Arc.pdf
W2514159439->W2045522464,W2514159439,W2045522464,Big Data Driven Mobile Traffic Understanding and Forecasting: A Time Series Approach,Understanding Mobile Traffic Patterns of Large Scale Cellular Towers in Urban Environment,failed,high_confidence,[16],"H. Wang, F. Xu, Yong Li, P . Zhang, D. Jin, “Understanding Mobile Trafﬁc Patterns of Large Scale Cellular Towers in Urban Environ- ment”, in Proc. ACM IMC 2015.",title_compact_exact,0.99,"Overall, there is a huge difference existing in the trafﬁc distribution of these different hours, reﬂecting the extremely inhomogeneous trafﬁc usages in terms of time and of different base stations. A more detailed trafﬁc analysis and characterization can be found in our prior work [16]. 2.2 Motivation Our dataset records the information of mobile trafﬁc con- sumption of about 9 thousand base stations spanning over one month, which quantitatively characterizes the spatio- temporal distribution of mobile trafﬁc load and human trafﬁc consumption behaviors.",Candidate v2.2 rescue via title_compact_exact (score=0.990),,,,copied,W2514159439__Big_Data_Driven_Mobile_Traffic_Understanding_and_Forecasting_A_Time_Series_Appro.pdf,D:\数据集\new\shujudingjia\rescued_edges_manual_review_v22_package\source_pdfs_by_source_id\W2514159439__Big_Data_Driven_Mobile_Traffic_Understanding_and_Forecasting_A_Time_Series_Appro.pdf
W4226382147->W2045522464,W4226382147,W2045522464,"Smartphone App Usage Analysis: Datasets, Methods, and Applications",Understanding Mobile Traffic Patterns of Large Scale Cellular Towers in Urban Environment,failed,high_confidence,[9],"F. Xu, Y . Li, H. Wang, P. Zhang, and D. Jin, “Understanding mobile trafﬁc patterns of large scale cellular towers in urban environment,”IEEE/ACM Trans. Netw. , vol. 25, no. 2, pp. 1147–1161, Apr. 2017.",title_compact_exact,0.99,"To improve device performance and extend usage time, smartphone manufac- turers can optimize the scheduling of various smartphoneresources, such as CPU, memory, and battery power, based on the usage patterns of speciﬁc apps [7], [8]. Based on app trafﬁc patterns, network operators can dynamically optimize trafﬁc ofﬂoading schemes and improve network services [9], [10]. Furthermore, network operators and market intermediaries canprovide personalized services, such as accurate recommenda- tions and targeted advertisements, by proﬁling mobile users’ preferences and interests from their app usage behaviors.",Candidate v2.2 rescue via title_compact_exact (score=0.990),,,,copied,W4226382147__Smartphone_App_Usage_Analysis_Datasets_Methods_and_Applications.pdf,D:\数据集\new\shujudingjia\rescued_edges_manual_review_v22_package\source_pdfs_by_source_id\W4226382147__Smartphone_App_Usage_Analysis_Datasets_Methods_and_Applications.pdf
W2954543879->W2045522464,W2954543879,W2045522464,Iris: Deep Reinforcement Learning Driven Shared Spectrum Access Architecture for Indoor Neutral-Host Small Cells,Understanding Mobile Traffic Patterns of Large Scale Cellular Towers in Urban Environment,failed,high_confidence,[81],"H. Wang et al., “Understanding mobile trafﬁc patterns of large scale cellular towers in urban environment,” in Proceedings of the 2015 Internet Measurement Conference. ACM, 2015, pp. 225–238.",title_compact_exact,0.99,"Tenant trafﬁc loads and spectrum availability. To model the trafﬁc loads of tenants, we employed the daily aggregate trafﬁc pattern presented in [81] for an entertainment area, a representative indoor environment. We assume that the aggregate incoming hourly trafﬁc of each tenant follows a normal distribution with mean and variance depending on the particular hour in the day considered as shown in Fig.",Candidate v2.2 rescue via title_compact_exact (score=0.990),,,,copied,W2954543879__Iris_Deep_Reinforcement_Learning_Driven_Shared_Spectrum_Access_Architecture_for.pdf,D:\数据集\new\shujudingjia\rescued_edges_manual_review_v22_package\source_pdfs_by_source_id\W2954543879__Iris_Deep_Reinforcement_Learning_Driven_Shared_Spectrum_Access_Architecture_for.pdf
W1994174199->W2950902070,W1994174199,W2950902070,Smart data pricing: To share or not to share?,"A Survey of Smart Data Pricing: Past Proposals, Current Plans, and Future Trends",failed,high_confidence,[181],"S. Sen, C. Joe-Wong, S. Ha, and M. Chiang, “A survey of smart data pricing: Past proposals, current plans, and future trends,” ACM Computing Survey, vol. 46, no. 2, Nov. 2013.",title_compact_exact,0.99,"In addition, Sen et al. [181] survey the major broad-band pricing proposals, including the realizations in various con- sumer data plans around the world. Murthy et al.",Candidate v2.2 rescue via title_compact_exact (score=0.990),,,,copied,W1994174199__Smart_data_pricing_To_share_or_not_to_share.pdf,D:\数据集\new\shujudingjia\rescued_edges_manual_review_v22_package\source_pdfs_by_source_id\W1994174199__Smart_data_pricing_To_share_or_not_to_share.pdf
W2942073230->W2743929098,W2942073230,W2743929098,Big Data Market Optimization Pricing Model Based on Data Quality,Data pricing strategy based on data quality,failed,grouped,[29],"H. Yu and M. Zhang, “Data pricing strategy based on data qual- ity,”Computers & Industrial Engineering ,v o l .1 1 2 ,s u p p e m e n t1 , pp. 1–10, 2017 .",title_compact_exact,0.99,"The measurement of dimensions will vary according to the type of data, so quality has to be evaluatedusing the criteria that the data has to comply with. In[28, 29], the applicability of the quality dimension to thedata market has been reviewed, especially the concept of version control, i.e., the data seller creates different quality versions of the data product to suit the needs and tastesof heterogeneous consumers. Literature [30] summarizesseven quality standards, which were expressed as 𝑄 𝑑= {𝑎𝑐𝑐𝑢𝑟𝑎𝑐𝑦, completeness, redundancy, data volume, latency, response time, 𝑡𝑖𝑚𝑒𝑙𝑖𝑛𝑒𝑠𝑠}.",Candidate v2.2 rescue via title_compact_exact (score=0.990),,,,copied,W2942073230__Big_Data_Market_Optimization_Pricing_Model_Based_on_Data_Quality.pdf,D:\数据集\new\shujudingjia\rescued_edges_manual_review_v22_package\source_pdfs_by_source_id\W2942073230__Big_Data_Market_Optimization_Pricing_Model_Based_on_Data_Quality.pdf
